[
    {
        "name": "羽绒服",
        "num": 300,
        "year": [
            {
                "y": 2016,
                "num": 60
            },
            {
                "y": 2017,
                "num": 100
            },
            {
                "y": 2018,
                "num": 140
            }
        ]
    },
    {
        "name": "牛仔裤",
        "num": 500,
        "year": [
            {
                "y": 2016,
                "num": 120
            },
            {
                "y": 2017,
                "num": 200
            },
            {
                "y": 2018,
                "num": 180
            }
        ]
    },
    {
        "name": "卫衣",
        "num": 450,
        "year": [
            {
                "y": 2016,
                "num": 50
            },
            {
                "y": 2017,
                "num": 180
            },
            {
                "y": 2018,
                "num": 220
            }
        ]
    },
    {
        "name": "衬衫",
        "num": 350,
        "year": [
            {
                "y": 2016,
                "num": 100
            },
            {
                "y": 2017,
                "num": 170
            },
            {
                "y": 2018,
                "num": 80
            }
        ]
    },
    {
        "name": "毛衣",
        "num": 550,
        "year": [
            {
                "y": 2016,
                "num": 200
            },
            {
                "y": 2017,
                "num": 150
            },
            {
                "y": 2018,
                "num": 200
            }
        ]
    }
]