{
    "status": "success",
    "list": [
        {
            "id": "1",
            "info": {
                "name": "真功夫",
                "imgurl": "src/img/748486.jpg",
                "des": "[广州等]冬(香)菇鸡腿肉饭+卤蛋1份",
                "price": "16",
                "newUser": "新用户5元5元抢",
                "sale": "已售15451",
                "suggest": "套餐A，将以三到四人使用",
                "receive": "西树泡芙（天河城店)",
                "adderess": "天河区体育西路208号天河城广场负一层",
                "comment": [
                    {
                        "user": "美团用户110",
                        "pic": "src/img/dg.jpg",
                        "date": "2016-10-15",
                        "content": "味道还不错。当闻到味道时感觉会特别腻，吃的时候还不错。 #榴莲泡芙# #酥皮香草泡芙# #可可香草泡芙# #可可抹茶泡芙#",
                        "img": "src/img/6959.jpg"
                    },
                    {
                        "user": "美团用户110",
                        "pic":"src/img/header.png",                        
                        "date": "2016-10-15",
                        "content": "味道还不错。当闻到味道时感觉会特别腻，吃的时候还不错。 #榴莲泡芙# #酥皮香草泡芙# #可可香草泡芙# #可可抹茶泡芙#",
                        "img": "src/img/6959.jpg"
                    },
                    {
                        "user": "美团用户110",
                        "pic": "src/img/dg.jpg",
                        "date": "2016-10-15",
                        "content": "味道还不错。当闻到味道时感觉会特别腻，吃的时候还不错。 #榴莲泡芙# #酥皮香草泡芙# #可可香草泡芙# #可可抹茶泡芙#",
                        "img": "src/img/6959.jpg"
                    }
                ]
            }
        },
        {
            "id": "2",
            "info": {
                "name": "汉堡包",
                "imgurl": "src/img/7854.jpg",
                "des": "[广州等]冬(香)菇鸡腿肉饭+卤蛋1份",
                "price": "16",
                "newUser": "新用户5元5元抢",
                "sale": "已售15451",
                "suggest": "套餐A，将以三到四人使用",
                "receive": "麦拉汉堡（哈西点）",
                "adderess": "天河区体育西路208号天河城广场负一层",
                "comment": [
                    {
                        "user": "美团用户110",
                        "pic": "src/img/header.png",
                        "date": "2016-10-15",
                        "content": "味道还不错。当闻到味道时感觉会特别腻，吃的时候还不错。 #榴莲泡芙# #酥皮香草泡芙# #可可香草泡芙# #可可抹茶泡芙#",
                        "img": "src/img/6959.jpg"
                    },
                    {
                        "user": "美团用户110",
                        "pic": "src/img/header.png",
                        "date": "2016-10-15",
                        "content": "味道还不错。当闻到味道时感觉会特别腻，吃的时候还不错。 #榴莲泡芙# #酥皮香草泡芙# #可可香草泡芙# #可可抹茶泡芙#",
                        "img": "src/img/6959.jpg"
                    }
                ]
            }
        },
        {
            "id": "1",
            "info": {
                "name": "真功夫",
                "imgurl": "src/img/748486.jpg",
                "des": "[广州等]冬(香)菇鸡腿肉饭+卤蛋1份",
                "price": "16",
                "newUser": "新用户5元5元抢",
                "sale": "已售15451",
                "suggest": "套餐A，将以三到四人使用",
                "receive": "西树泡芙（天河城店)",
                "adderess": "天河区体育西路208号天河城广场负一层",
                "comment": [
                    {
                        "user": "美团用户110",
                        "pic": "src/img/dg.jpg",
                        "date": "2016-10-15",
                        "content": "味道还不错。当闻到味道时感觉会特别腻，吃的时候还不错。 #榴莲泡芙# #酥皮香草泡芙# #可可香草泡芙# #可可抹茶泡芙#",
                        "img": "src/img/6959.jpg"
                    },
                    {
                        "user": "美团用户110",
                        "pic":"src/img/header.png",                        
                        "date": "2016-10-15",
                        "content": "味道还不错。当闻到味道时感觉会特别腻，吃的时候还不错。 #榴莲泡芙# #酥皮香草泡芙# #可可香草泡芙# #可可抹茶泡芙#",
                        "img": "src/img/6959.jpg"
                    },
                    {
                        "user": "美团用户110",
                        "pic": "src/img/dg.jpg",
                        "date": "2016-10-15",
                        "content": "味道还不错。当闻到味道时感觉会特别腻，吃的时候还不错。 #榴莲泡芙# #酥皮香草泡芙# #可可香草泡芙# #可可抹茶泡芙#",
                        "img": "src/img/6959.jpg"
                    }
                ]
            }
        },
        {
            "id": "2",
            "info": {
                "name": "汉堡包",
                "imgurl": "src/img/7854.jpg",
                "des": "[广州等]冬(香)菇鸡腿肉饭+卤蛋1份",
                "price": "16",
                "newUser": "新用户5元5元抢",
                "sale": "已售15451",
                "suggest": "套餐A，将以三到四人使用",
                "receive": "麦拉汉堡（哈西点）",
                "adderess": "天河区体育西路208号天河城广场负一层",
                "comment": [
                    {
                        "user": "美团用户110",
                        "pic": "src/img/header.png",
                        "date": "2016-10-15",
                        "content": "味道还不错。当闻到味道时感觉会特别腻，吃的时候还不错。 #榴莲泡芙# #酥皮香草泡芙# #可可香草泡芙# #可可抹茶泡芙#",
                        "img": "src/img/6959.jpg"
                    },
                    {
                        "user": "美团用户110",
                        "pic": "src/img/header.png",
                        "date": "2016-10-15",
                        "content": "味道还不错。当闻到味道时感觉会特别腻，吃的时候还不错。 #榴莲泡芙# #酥皮香草泡芙# #可可香草泡芙# #可可抹茶泡芙#",
                        "img": "src/img/6959.jpg"
                    }
                ]
            }
        },
        {
            "id": "3",
            "info": {
                "name": "真功夫",
                "imgurl": "src/img/748486.jpg",
                "des": "[广州等]冬(香)菇鸡腿肉饭+卤蛋1份",
                "price": "16",
                "newUser": "新用户5元5元抢",
                "sale": "已售15451",
                "suggest": "套餐A，将以三到四人使用",
                "receive": "西树泡芙（天河城店)",
                "adderess": "天河区体育西路208号天河城广场负一层",
                "comment": [
                    {
                        "user": "美团用户110",
                        "pic": "src/img/dg.jpg",
                        "date": "2016-10-15",
                        "content": "味道还不错。当闻到味道时感觉会特别腻，吃的时候还不错。 #榴莲泡芙# #酥皮香草泡芙# #可可香草泡芙# #可可抹茶泡芙#",
                        "img": "src/img/6959.jpg"
                    },
                    {
                        "user": "美团用户110",
                        "pic":"src/img/header.png",                        
                        "date": "2016-10-15",
                        "content": "味道还不错。当闻到味道时感觉会特别腻，吃的时候还不错。 #榴莲泡芙# #酥皮香草泡芙# #可可香草泡芙# #可可抹茶泡芙#",
                        "img": "src/img/6959.jpg"
                    },
                    {
                        "user": "美团用户110",
                        "pic": "src/img/dg.jpg",
                        "date": "2016-10-15",
                        "content": "味道还不错。当闻到味道时感觉会特别腻，吃的时候还不错。 #榴莲泡芙# #酥皮香草泡芙# #可可香草泡芙# #可可抹茶泡芙#",
                        "img": "src/img/6959.jpg"
                    }
                ]
            }
        },
        {
            "id": "4",
            "info": {
                "name": "汉堡包",
                "imgurl": "src/img/7854.jpg",
                "des": "[广州等]冬(香)菇鸡腿肉饭+卤蛋1份",
                "price": "16",
                "newUser": "新用户5元5元抢",
                "sale": "已售15451",
                "suggest": "套餐A，将以三到四人使用",
                "receive": "麦拉汉堡（哈西点）",
                "adderess": "天河区体育西路208号天河城广场负一层",
                "comment": [
                    {
                        "user": "美团用户110",
                        "pic": "src/img/header.png",
                        "date": "2016-10-15",
                        "content": "味道还不错。当闻到味道时感觉会特别腻，吃的时候还不错。 #榴莲泡芙# #酥皮香草泡芙# #可可香草泡芙# #可可抹茶泡芙#",
                        "img": "src/img/6959.jpg"
                    },
                    {
                        "user": "美团用户110",
                        "pic": "src/img/header.png",
                        "date": "2016-10-15",
                        "content": "味道还不错。当闻到味道时感觉会特别腻，吃的时候还不错。 #榴莲泡芙# #酥皮香草泡芙# #可可香草泡芙# #可可抹茶泡芙#",
                        "img": "src/img/6959.jpg"
                    }
                ]
            }
        },
        {
            "id": "5",
            "info": {
                "name": "泡芙",
                "imgurl": "src/img/902.jpg",
                "des": "[广州等]冬(香)菇鸡腿肉饭+卤蛋1份",
                "price": "16",
                "newUser": "新用户5元5元抢",
                "sale": "已售15451",
                "suggest": "套餐A，将以三到四人使用",
                "receive": "麦拉汉堡（哈西点）",
                "adderess": "天河区体育西路208号天河城广场负一层",
                "comment": [
                    {
                        "user": "美团用户110",
                        "pic": "src/img/header.png",
                        "date": "2016-10-15",
                        "content": "味道还不错。当闻到味道时感觉会特别腻，吃的时候还不错。 #榴莲泡芙# #酥皮香草泡芙# #可可香草泡芙# #可可抹茶泡芙#",
                        "img": "src/img/6959.jpg"
                    },
                    {
                        "user": "美团用户110",
                        "pic": "src/img/header.png",
                        "date": "2016-10-15",
                        "content": "味道还不错。当闻到味道时感觉会特别腻，吃的时候还不错。 #榴莲泡芙# #酥皮香草泡芙# #可可香草泡芙# #可可抹茶泡芙#",
                        "img": "src/img/6959.jpg"
                    }
                ]
            }
        }
    ]
}